{
  "hash": "4c31baa8a79dfa390e05f9019e483631",
  "timestamp": 85.5,
  "timeframe_info": {
    "start_time": 80.0,
    "end_time": 90.0,
    "confidence_score": 0.85,
    "reason": "제품 사용 시연"
  },
  "quality_scores": {
    "sharpness": 1.0,
    "size": 0.14814814814814814,
    "brightness": 0.9971277872721355,
    "contrast": 0.3857057414478855
  },
  "composite_score": 0.7077277973164466,
  "object_confidence": 0.75,
  "image_dimensions": {
    "width": 640,
    "height": 480
  },
  "file_paths": {
    "original": "temp/product_images/4c31baa8a79dfa390e05f9019e483631.jpg",
    "thumbnail_150": "temp/product_images/thumbnails_150/4c31baa8a79dfa390e05f9019e483631_150.jpg",
    "thumbnail_300": "temp/product_images/thumbnails_300/4c31baa8a79dfa390e05f9019e483631_300.jpg",
    "metadata": "temp/product_images/4c31baa8a79dfa390e05f9019e483631.json"
  },
  "extracted_at": 1750672150.1195168,
  "file_sizes": {
    "original": 360932,
    "thumbnail_150": 8441,
    "thumbnail_300": 44405
  }
}