{
  "hash": "7bd18e04583d6d90cfd01d3cea0e1857",
  "timestamp": 85.5,
  "timeframe_info": {
    "start_time": 80.0,
    "end_time": 90.0,
    "confidence_score": 0.85,
    "reason": "제품 사용 시연"
  },
  "quality_scores": {
    "sharpness": 1.0,
    "size": 0.14814814814814814,
    "brightness": 0.9956614176432291,
    "contrast": 0.38634908540081675
  },
  "composite_score": 0.7076454947488491,
  "object_confidence": 0.75,
  "image_dimensions": {
    "width": 640,
    "height": 480
  },
  "file_paths": {
    "original": "temp/product_images/7bd18e04583d6d90cfd01d3cea0e1857.jpg",
    "thumbnail_150": "temp/product_images/thumbnails_150/7bd18e04583d6d90cfd01d3cea0e1857_150.jpg",
    "thumbnail_300": "temp/product_images/thumbnails_300/7bd18e04583d6d90cfd01d3cea0e1857_300.jpg",
    "metadata": "temp/product_images/7bd18e04583d6d90cfd01d3cea0e1857.json"
  },
  "extracted_at": 1750680178.792796,
  "file_sizes": {
    "original": 361069,
    "thumbnail_150": 8416,
    "thumbnail_300": 44473
  }
}