{
  "hash": "be409bf9e94ca3e5366f7fc946ffdd59",
  "timestamp": 85.5,
  "timeframe_info": {
    "start_time": 80.0,
    "end_time": 90.0,
    "confidence_score": 0.85,
    "reason": "제품 사용 시연"
  },
  "quality_scores": {
    "sharpness": 1.0,
    "size": 0.14814814814814814,
    "brightness": 0.9954882049560547,
    "contrast": 0.3860387461892798
  },
  "composite_score": 0.707597139558978,
  "object_confidence": 0.75,
  "image_dimensions": {
    "width": 640,
    "height": 480
  },
  "file_paths": {
    "original": "temp/product_images/be409bf9e94ca3e5366f7fc946ffdd59.jpg",
    "thumbnail_150": "temp/product_images/thumbnails_150/be409bf9e94ca3e5366f7fc946ffdd59_150.jpg",
    "thumbnail_300": "temp/product_images/thumbnails_300/be409bf9e94ca3e5366f7fc946ffdd59_300.jpg",
    "metadata": "temp/product_images/be409bf9e94ca3e5366f7fc946ffdd59.json"
  },
  "extracted_at": 1750678635.85202,
  "file_sizes": {
    "original": 360849,
    "thumbnail_150": 8422,
    "thumbnail_300": 44318
  }
}