{
  "hash": "c1f48a9ad63e4efcb0c2f2bec1334a81",
  "timestamp": 85.5,
  "timeframe_info": {
    "start_time": 80.0,
    "end_time": 90.0,
    "confidence_score": 0.85,
    "reason": "제품 사용 시연"
  },
  "quality_scores": {
    "sharpness": 1.0,
    "size": 0.14814814814814814,
    "brightness": 0.9969323476155599,
    "contrast": 0.38589608448921126
  },
  "composite_score": 0.7077272876549215,
  "object_confidence": 0.75,
  "image_dimensions": {
    "width": 640,
    "height": 480
  },
  "file_paths": {
    "original": "temp/product_images/c1f48a9ad63e4efcb0c2f2bec1334a81.jpg",
    "thumbnail_150": "temp/product_images/thumbnails_150/c1f48a9ad63e4efcb0c2f2bec1334a81_150.jpg",
    "thumbnail_300": "temp/product_images/thumbnails_300/c1f48a9ad63e4efcb0c2f2bec1334a81_300.jpg",
    "metadata": "temp/product_images/c1f48a9ad63e4efcb0c2f2bec1334a81.json"
  },
  "extracted_at": 1750673369.943037,
  "file_sizes": {
    "original": 360572,
    "thumbnail_150": 8470,
    "thumbnail_300": 44443
  }
}