{
  "hash": "eb0b194bf01aaf56fca66bcaf2868ba4",
  "timestamp": 85.5,
  "timeframe_info": {
    "start_time": 80.0,
    "end_time": 90.0,
    "confidence_score": 0.85,
    "reason": "제품 사용 시연"
  },
  "quality_scores": {
    "sharpness": 1.0,
    "size": 0.14814814814814814,
    "brightness": 0.9966407521565755,
    "contrast": 0.38573597011012
  },
  "composite_score": 0.707682116671114,
  "object_confidence": 0.75,
  "image_dimensions": {
    "width": 640,
    "height": 480
  },
  "file_paths": {
    "original": "temp/product_images/eb0b194bf01aaf56fca66bcaf2868ba4.jpg",
    "thumbnail_150": "temp/product_images/thumbnails_150/eb0b194bf01aaf56fca66bcaf2868ba4_150.jpg",
    "thumbnail_300": "temp/product_images/thumbnails_300/eb0b194bf01aaf56fca66bcaf2868ba4_300.jpg",
    "metadata": "temp/product_images/eb0b194bf01aaf56fca66bcaf2868ba4.json"
  },
  "extracted_at": 1750681506.9536629,
  "file_sizes": {
    "original": 361024,
    "thumbnail_150": 8431,
    "thumbnail_300": 44400
  }
}