{
  "hash": "f288aeadf1f75a7b3a7c0174b93a1de5",
  "timestamp": 85.5,
  "timeframe_info": {
    "start_time": 80.0,
    "end_time": 90.0,
    "confidence_score": 0.85,
    "reason": "제품 사용 시연"
  },
  "quality_scores": {
    "sharpness": 1.0,
    "size": 0.14814814814814814,
    "brightness": 0.9961371358235677,
    "contrast": 0.38625049036676035
  },
  "composite_score": 0.7076832070634773,
  "object_confidence": 0.75,
  "image_dimensions": {
    "width": 640,
    "height": 480
  },
  "file_paths": {
    "original": "temp/product_images/f288aeadf1f75a7b3a7c0174b93a1de5.jpg",
    "thumbnail_150": "temp/product_images/thumbnails_150/f288aeadf1f75a7b3a7c0174b93a1de5_150.jpg",
    "thumbnail_300": "temp/product_images/thumbnails_300/f288aeadf1f75a7b3a7c0174b93a1de5_300.jpg",
    "metadata": "temp/product_images/f288aeadf1f75a7b3a7c0174b93a1de5.json"
  },
  "extracted_at": 1750681363.3845,
  "file_sizes": {
    "original": 360951,
    "thumbnail_150": 8384,
    "thumbnail_300": 44408
  }
}